{"loss": 45.15645980834961, "val_loss": 52.70908737182617, "mse_test": 62.48382985751298}