{"loss": 63.86240768432617, "val_loss": 68.87747955322266, "mse_test": 73.65071794701453}