{"loss": 60.848045349121094, "val_loss": 71.54436492919922, "mse_test": 70.5547013648301}