{"loss": 60.76874542236328, "val_loss": 73.11959075927734, "mse_test": 75.76984345798428}