{"loss": 63.545867919921875, "val_loss": 70.137939453125, "mse_test": 70.0661175574305}