{"loss": 58.437591552734375, "val_loss": 70.80482482910156, "mse_test": 70.1463161404128}