{"loss": 42.18155288696289, "val_loss": 81.08529663085938, "mse_test": 79.04354165528358}