{"loss": 68.89307403564453, "val_loss": 82.23966217041016, "mse_test": 86.12994817412122}