{"loss": 61.98389434814453, "val_loss": 79.80233001708984, "mse_test": 73.88662917754462}