{"loss": 66.1249008178711, "val_loss": 79.1486587524414, "mse_test": 75.76082875071148}