{"loss": 66.29010009765625, "val_loss": 79.9660415649414, "mse_test": 76.27306145312548}