{"loss": 67.62132263183594, "val_loss": 80.90536499023438, "mse_test": 76.72251090350309}