{"loss": 65.09019470214844, "val_loss": 80.90465545654297, "mse_test": 86.23064054655359}