{"loss": 55.27312469482422, "val_loss": 72.42833709716797, "mse_test": 72.88887995720322}