{"loss": 45.49403381347656, "val_loss": 77.77821350097656}