{"loss": 46.20543670654297, "val_loss": 117.21797943115234}