{"loss": 45.17922592163086, "val_loss": 79.74018859863281}