{"loss": 41.443321228027344, "val_loss": 82.93476104736328}