{"tree_mse_test": 81.63128960827325, "forest_mse_test": 75.09177372434208}